,0
第二个,1.2330899504274813
短信,1.356102452106662
第一个,1.3590914102860663
给予,1.3942221908027277
连句,1.4271823896210174
没来,1.4657087584925836
接听,1.5577328974018712
多久,1.5603801196224334
期望,1.573458413080088
必要,1.5789333860508958
一条,1.5811145262542872
愿意,1.5831836741666443
两分钟,1.5979067010602002
半才,1.635049150921951
全家,1.638343277465635
一遍,1.6406885847067094
没喝,1.6451091359589596
回去,1.6549364396111559
倒掉,1.6639925707823697
不得不,1.6647633736265957
表示,1.6842318631839857
中途,1.6888247185312784
发生,1.693197588049248
不同,1.7009808527352255
锡箔纸,1.7277131209785237
之间,1.7343980939509227
令人,1.7407678904456114
通电话,1.7428155135774932
一圈,1.7560572508210934
做法,1.7638998722503243
借口,1.7792853438657528
三种,1.7871832631324536
售后,1.7884604163286892
点多下,1.7885603430898749
五折,1.7969353944747766
午休,1.7989584157769536
致电,1.8023751561367585
缘故,1.8058292479529745
搞笑,1.8251343693594058
消息,1.8317853999517837
恶略,1.8366898323508898
答复,1.849965951818974
粗粮,1.8509888388085896
人理,1.8510958302164493
一分钟,1.8537951839099143
黑乎乎,1.8574564558295825
体谅,1.8723059560804423
拒收,1.873762017557029
包装费,1.8751335615895046
一楼,1.891394968816274
想想,1.8930605704816021
决定,1.8964500727720668
失误,1.897958872206931
伤心,1.9056498008926608
几块钱,1.9077673801956292
人送,1.9317631198014844
厉害,1.9353026902361063
花生米,1.9361381536192326
听说,1.963955446812514
去掉,1.9641137205515813
神马,1.9653047926364566
难以,1.9701547922607165
太高,1.9747029127922495
纸袋子,1.9775998231197105
拿出,1.989398275631011
送上来,1.9900448829936077
总共,1.9903910838305903
只好,1.9962364696086374
大白菜,1.9965939101990866
品种,2.0147520327519226
拜托,2.0194127201828467
从没,2.0226610278239923
油炸,2.032932457028072
嘴里,2.044703509936317
至少,2.087734747175922
中午饭,2.095996729189068
两碗,2.104215352309889
四份,2.1046339905816627
更换,2.1049620059916414
纸包,2.106473174108087
下降,2.1100712296995567
下面,2.1114398747815732
千叶,2.11716766748069
幸亏,2.119595348701976
配餐,2.124682634330925
有没有,2.1261748020775824
类似,2.1346200453391058
拿来,2.152161331197859
外包装,2.153391550560828
担心,2.1534910549262323
湖南,2.155150420595066
六块,2.1575287906068374
店长,2.158602432029893
上午,2.1669921875352087
房间,2.1687566936881986
制作,2.1716749801856743
更新,2.172358028539112
大约,2.172691239265516
预约,2.1787886146942763
不开,2.1826025183051474
上来,2.1834215080375645
叶子,2.1892858318567687
说完,2.190139299908296
淀粉,2.1910897411233132
干脆,2.210745702015772
问问,2.229352878493277
故意,2.2325230541088064
红薯,2.2427876314936634
餐才,2.2486858417144786
晚点,2.257790603981757
到极点,2.2581826211556426
男生,2.2601327690262725
马路,2.264037139517786
美食,2.2669734084452586
时段,2.26895987130404
吧唧,2.269845247930527
凝固,2.272907278719901
越做越,2.2750059148770383
算是,2.2795486086195353
卖盐,2.281761611794268
询问,2.283273120240525
四十,2.2854137665244694
自动,2.285476611123893
软件,2.285788844139362
办公室,2.291578422351389
两片,2.2929842053471043
店面,2.2962239204621744
四个,2.304638308488581
丽华,2.305333381568551
望京,2.305437924035992
桌子,2.3071312231812304
小小,2.308569470494912
花钱,2.3141687001336297
辣油,2.3171798297985378
位置,2.318815064056843
符合,2.32025909020455
退餐,2.320816159761184
砂锅,2.3276392536958115
可想而知,2.3287879127605033
挣钱,2.343597545650676
坨成,2.3436578699541473
街边,2.345313710273955
四点,2.3477594319793735
只不过,2.349959767382315
汤里,2.354493181741945
高峰期,2.3548408510828827
有史以来,2.3610634856160795
饭馆,2.3631419483741207
看不到,2.363474863054206
菜叶,2.3641050899567877
仔细,2.3670896102916315
大块,2.367271150091393
发霉,2.3738450594582674
是否,2.3792593212376656
丁饭,2.3806933095697773
强烈,2.384907563124357
糊弄人,2.3856053469913077
咸味,2.3947970198677675
主动,2.3962204859908596
满分,2.3977849149515693
十五,2.4092373191649754
安排,2.4117938434771053
传说,2.4203143055423526
五点,2.4219542827609093
差价,2.42505485896088
点菜,2.4315173248594633
太远,2.4339214584877196
瞬间,2.4467569226264207
叫外卖,2.4477015711671486
三点,2.4514484974715995
茴香,2.4606675816910815
山药,2.462173373969043
至极,2.463664483056891
奥尔良,2.4648497870327644
得到,2.4677316067347053
没电,2.4703272572819617
延迟,2.4754736351257813
半份,2.4803988933652112
土豆片,2.484087376963097
意义,2.4859002827293435
粉条,2.4859508621934068
卷里,2.486770292549154
霸王,2.4924449018048396
臭味,2.4946460454297927
倒闭,2.5000621587454432
着实,2.504070559736614
挺大,2.5046034165453728
没货,2.504840457416904
煮熟,2.5098724047618446
小区,2.5107867298976005
回复,2.5152564017142964
齐全,2.5182716417494984
好不好,2.5276011344700495
老人,2.5303014326830655
骂人,2.5305189725949133
标注,2.5318175780102488
过程,2.5346233675540977
全部都是,2.5367722849315206
饺子皮,2.538027861233898
提升,2.543080375139411
肯德基,2.5433448590046344
很难,2.5487541328358425
第一天,2.551563857549594
当天,2.5522421052136774
机会,2.552268301235594
点过,2.5573808380083447
快餐,2.5595981007714466
这么久,2.5643056986404895
晚餐,2.5662671793666005
史上,2.5671689905932156
ok,2.5714762473367574
餐慢,2.5725535681924114
感动,2.5834143545229247
说话,2.5904307914950633
一团,2.5912382409770616
牛柳,2.5954333481638265
中分,2.5960846111223566
黏糊糊,2.596141501913999
辣椒酱,2.6021322099773396
九点,2.611073741700781
回家,2.6119533224152685
调味,2.612773635865134
夸张,2.6190228406271796
崩溃,2.6263239410082995
一张,2.628414275229921
五十,2.62954888512244
补上,2.6332160442008563
鸡皮,2.6334387110146893
麻婆豆腐,2.634944310459844
简单,2.6355914468979473
地上,2.6378917101144483
豆花,2.638749423476916
有人,2.639926775831353
超市,2.642979604063935
最终,2.64450260622472
形容,2.645716707496198
送单,2.646518541392383
差到,2.647943427201185
在线,2.6521084891733495
小票,2.6536346786045257
首选,2.656450141824225
梅菜,2.6603656416615418
只想,2.6607195995765625
提醒,2.6633914062717037
骗子,2.663409968212641
包装盒,2.663868201578329
双拼,2.6738740420242166
牛皮纸,2.6797789265518315
手里,2.681873902157147
黑椒,2.682672857092232
这送餐,2.695292843172422
三十分钟,2.7014679612461445
过长,2.701594779778087
漏出来,2.7082254653970717
根本就是,2.7085175602181444
赶紧,2.7106015250330477
布丁,2.7129023666914303
小伙子,2.71516365943003
改成,2.7173954370801168
河粉,2.720853676941688
夏天,2.7239432827397336
热乎乎,2.729688647322381
两种,2.730714613522289
代金券,2.7310786699955987
关系,2.7352060855469107
鸡排,2.740228434811672
没放,2.750029754348574
太忙,2.750368449247959
颜色,2.751790243897843
很无语,2.777373608998718
坚持,2.7808720320310125
工作人员,2.782766543706442
快速,2.7846536603629564
每个,2.789098869805581
出现,2.793044590869706
依旧,2.794672692523652
五分钟,2.795820246261828
生意,2.7962779585890827
猪排,2.7995499035604188
菠萝,2.806099926657301
够吃,2.8063121662942754
二十,2.8084812565078656
保温箱,2.818402477351662
偏咸,2.818976449842714
没洗,2.8200498594717365
非常少,2.8207725166438915
妈妈,2.8406141756694603
难受,2.8416151809542316
真不知道,2.8445853038741333
做生意,2.8498736454667717
一双,2.862270505842112
好不容易,2.862823604149937
下班,2.86317328307764
地点,2.865095536463173
真够,2.8720145248897153
惊人,2.8791348576120717
里脊,2.8861082852325834
炒饼,2.888953323495322
一袋,2.8897597961566635
丰富,2.8935081657966943
馅饼,2.893585902981542
结束,2.9003948578522065
玉米,2.9014679485202612
无奈,2.901749100397151
辣死,2.9035815836007473
鹌鹑蛋,2.9106737634214204
麻油,2.9128413045328454
这菜,2.913140772360583
疙瘩,2.9134113640792094
温馨,2.915938019317475
出门,2.9164111029865953
千万,2.9236572035287614
没味,2.925387948698381
合谷,2.9289087926862867
看起来,2.930185876898021
慢慢,2.933301963679494
怪味,2.9375695069156746
多些,2.944320007122013
随便,2.947859199084611
错误,2.9500715904126324
咨询,2.95288822458647
真想,2.9587679835507283
藕片,2.9617226137309416
一致,2.9622653629636586
堂食,2.96580886283195
使用,2.9668026221742565
不放,2.9688481327863476
大雪,2.9710774733739274
偏淡,2.9716540111335954
突然,2.9775688148487798
必胜客,2.9780769898047925
到底,2.9799123673463237
公里,2.987082000292712
电梯,2.9891878510403735
歉意,3.005058941272069
下来,3.006535572014464
私自,3.0086602029226377
漏送,3.008865646483917
保证,3.0122492057251047
真快,3.0179338920858156
几片,3.0217814364413043
肉酱,3.023699430042853
十一点半,3.0262352764931384
汤汤水水,3.0314640663743364
腊肉,3.045329233554607
再来,3.049520605714436
反应,3.050819214553553
期待,3.053852578078024
孜然,3.056189705324753
发苦,3.060868036106114
大爷,3.0650122575634775
更是,3.066860686057342
合口味,3.0679146318763415
封口,3.0706878619763858
两块,3.072813364906531
魏家,3.072843153514805
帮忙,3.074190003961938
很长,3.077956602549517
生气,3.0788632670548326
就定,3.0859607036176735
三分之一,3.0890536774074775
无数次,3.0903478604576304
刚好,3.0914818098846895
馅料,3.0925380552290527
就别,3.097028210823387
慎重,3.103141949719551
看不见,3.103456718844146
加上,3.1047921317804104
一趟,3.1115573775169736
两盒,3.1149862466915534
儿子,3.1170235615539665
红豆,3.122539126423862
一颗,3.129659952598189
甜味,3.1339250192463677
冬天,3.140982916967377
拉面,3.1418900882433842
盒饭,3.142384156886814
闹肚子,3.1427998610038292
品牌,3.145645830750929
花椒,3.146222294870239
商务,3.150429265276668
大热天,3.1578815958044824
疙瘩汤,3.159390801554178
滋味,3.181063401881689
进去,3.1825127097542065
鸭头,3.1834720084242365
太给力,3.1886440598038983
还点,3.1891551310506094
炖肉,3.1957279366137823
腥味,3.1975284747636397
写错,3.1980961717222898
皮厚,3.1995802657881507
晚送,3.2004456890855977
很晚,3.202737540664559
奇葩,3.203063768291959
打死,3.2045142350748286
薏米,3.205911779709331
放心,3.206428439173867
不贵,3.2067369615063344
小份,3.2092927884706963
气死我了,3.217676989245467
不来,3.2267740095130675
红烧,3.228691560485987
沙拉酱,3.2317717439824047
区别,3.236041960018693
不上,3.2389462992478655
哥哥,3.2393089156027215
星巴克,3.2393489192182936
腐竹,3.240512379307455
算了,3.2419277002069316
剩饭,3.244967861508917
没味儿,3.2460329201486218
点半订,3.2502751263807963
胡萝卜,3.2594745999357264
下咽,3.261944014530526
长时间,3.279601681829313
没个,3.281391421899056
不让,3.2856704293111627
一堆,3.2920540071103614
异味,3.303008185418503
更慢,3.3064765760324057
保温,3.3073242773847116
方面,3.315946837672824
吐槽,3.319719343967984
太贵,3.3240983753550166
不见,3.3243050373010394
真棒,3.325014684992551
真差,3.3287511334426303
期间,3.32891888329012
相差,3.333177514706745
爽口,3.3408646827627297
一味,3.3422886378955625
肉质,3.342434558767221
麻辣烫,3.3432537380922813
扣肉,3.3483031547719553
客人,3.3506990507998933
饿晕,3.3579447625298897
几分钟,3.3590599409807878
南瓜饼,3.362710888449532
记得,3.36558655246293
我能,3.3684077887234354
一级,3.369902084639073
惊喜,3.3857088474675288
依然,3.3929999476769135
有个,3.3958697300829326
点个,3.3988762573673625
蛋壳,3.414700931910036
不爽,3.4200938811479817
种类,3.420796858443231
做成,3.427830134463075
增加,3.4308249146812795
极慢,3.432755169512915
良心,3.4344406019928693
唯一,3.443005518961392
热饮,3.4448755557977058
一分,3.4450509162963314
高兴,3.452339224461851
肉片,3.459586490198073
app,3.4617833916924243
太无语,3.461863348363085
小贵,3.4684386233597704
哥们,3.476098488384439
收费,3.4803802211130574
太厚,3.481300408151754
附近,3.483158276222791
特色,3.4889324775949837
八宝菜,3.5114993856540044
大拌,3.514631534709866
小伙,3.514975247955873
几根,3.5157443600804115
在家,3.5197752560609064
客气,3.5238060923377295
关门,3.5251247257159144
保持,3.5285392396439357
正好,3.529296731416574
价格便宜,3.53181271257865
经历,3.533493689986029
打通,3.538573279948849
毛血旺,3.5399045124002786
差距,3.548838084181035
秘制,3.5500017499996046
绿豆沙,3.553062746199095
面饼,3.555237010384552
乱七八糟,3.556673153645643
早上,3.5584363444312097
馒头,3.5617911773095554
沙子,3.5636038829405527
生菜,3.564753454258129
一声,3.5757054252463325
明白,3.585183652519084
sb,3.585959253427449
差差,3.590647888089326
塑料,3.592016103199611
早餐,3.59331357077437
pizza,3.596154033821935
太棒了,3.599643621555497
毕竟,3.601881296478672
腊八,3.6022289253489364
理由,3.6094561675136365
店员,3.611455546418269
提供,3.61201935376015
正常,3.613652934761127
馄饨,3.6164471237749316
烤鸭,3.617013287723885
四块,3.618278130761419
青笋,3.624485915891383
变形,3.6322122306828586
很值,3.6322399851253255
订过,3.6334099688175248
五分,3.6473217443835044
尝试,3.6533326905948313
面包,3.653920027703934
大小,3.654124764833911
扁豆,3.6573978248935175
赶上,3.6578250220434114
表扬,3.659390505753164
十分,3.6599695006492414
还收,3.664401021816989
第三次,3.6660145742451835
点半才,3.668567836773741
送菜,3.6714851406723157
不算,3.6729587499103453
一点儿,3.6836191924758386
一会,3.6838954148361225
走路,3.6858894057928047
三块,3.6863107517439033
一片,3.6888894163652766
这么晚,3.690014990260542
香草,3.6977894300296117
健康,3.7024006725310583
多才,3.702949506019956
米粉,3.704285161813247
太赞,3.705479444111124
脾气,3.705996605727057
够快,3.7216177516613334
咬不动,3.7248266832148014
油太大,3.7267270752909476
着急,3.7335969815049976
热干面,3.7392079956092226
一瓶,3.7418981031588174
还放,3.7427836961740972
状元,3.7457265288243584
我家,3.7458609599820347
十足,3.755147405903478
名字,3.7585517750545785
牛腩,3.7690526242717914
糊弄,3.7709026500076654
水煮,3.7819864467010387
巧克力,3.796007797956211
信息,3.8001128910923536
赞赞,3.800334004710533
菠菜,3.8043576135016153
豆皮,3.8128010944786834
回锅肉,3.8161053617074256
一小,3.8170908173814335
三份,3.822282768722675
干嘛,3.8227397295658467
浪费,3.8290141692945
大盘鸡,3.8328126617296405
柠檬,3.841821795184124
星冰乐,3.8424084258459916
一坨,3.871684145133627
食材,3.883511373287401
预期,3.8885189307870065
学校,3.891705822494844
上当,3.8962170331086523
加点,3.9065281286601254
赠送,3.9182795944310658
状态,3.918313342707462
汤全,3.9363991914525127
早就,3.9517924851738075
两杯,3.9644369333697305
物美价廉,3.966693819263393
太烂,3.96730628192506
菜花,3.969501519432167
鳕鱼,3.9703924347250146
蟑螂,3.971322232324998
晚饭,3.9714039428433647
糖醋,3.9719134089387262
送个,3.9724001760504066
勉强,3.973296358443172
纯素,3.9749542276917884
关东煮,3.9774101820683834
事情,3.989996068351232
骨头,4.008293939609727
辣椒油,4.016769022290889
加强,4.02070670998597
不满,4.021106087102438
约定,4.028787248905999
三遍,4.031525492446095
改善,4.03368953661801
四十多分钟,4.040644758819007
太好了,4.047067304293751
一星,4.052144996707933
实体店,4.060558010518258
小点,4.065116302553075
太过分,4.0726392714912265
承诺,4.075090878300959
太硬,4.078208503816149
肉末,4.079352419220315
芹菜,4.082563971678844
骗人,4.083448771586741
懒得,4.085223081129091
点订,4.08940330339449
顿饭,4.094214827168475
最慢,4.097349601522858
搞错,4.100094584942016
好少,4.107817228873472
卧槽,4.108398860368939
糟糕,4.113070631833736
太特,4.115294771975079
周到,4.1161824000104765
看来,4.117715086781888
准备,4.118088860631592
个人感觉,4.118317057081449
迅速,4.120556298776444
却是,4.120578833038512
四季豆,4.121586114514135
诚信,4.124443252115054
咸死,4.137575490295287
做好,4.152581057607227
幸好,4.153491772014131
越来越少,4.160630996481872
压根,4.169957551379213
弄错,4.172633281534116
再次,4.178530151349062
剩菜,4.183757133911659
见到,4.1910560853431225
也许,4.194747657907802
彻底,4.195764859869251
真是太,4.198477484745922
土豆泥,4.212666130760414
杯子,4.2128669532264675
家里,4.215728793104401
单点,4.221555920330905
菜太少,4.224698102658682
泡馍,4.233121553112964
黄焖,4.234016525198797
怪怪的,4.2396410621754566
海带丝,4.244919619147921
第二,4.25182796627257
一大,4.25770277531586
第一,4.25826344881867
花卷,4.259533500525102
用料,4.264692550720929
普通,4.272419392143621
配送费,4.273894594690446
去取,4.276757226108598
麻酱,4.281326126478886
点错,4.281883976762603
牛肉汤,4.282093619887885
用餐,4.28233898544468
两天,4.296360002387009
盖子,4.296780586487507
大概,4.300536735210382
效率,4.307296977594958
酸豆角,4.312364168013988
肉松,4.328691729564911
多一点,4.336933323009694
菜少,4.344907837685214
餐馆,4.3475825443931
对不起,4.351824463486091
说明,4.362243048227329
经典,4.363014441914209
耐心,4.363971697397553
没加,4.365912700691645
羊肉串,4.366712853540027
说实话,4.377035543758467
是因为,4.3778193225382145
粉丝,4.377872763842429
太早,4.378055777636194
认真,4.385267697839065
肉太少,4.391006646892204
送餐费,4.413663751079431
炒肉,4.42288200539168
提示,4.426092012230743
午餐,4.430214320698363
吃不完,4.43774532624866
别家,4.453205886047622
连续,4.455213618809394
偏甜,4.462465535052843
还贵,4.46298863098902
酸辣粉,4.478074217744998
猪手,4.482002782194171
事儿,4.484283166635497
萝卜,4.4848502814046505
舒服,4.48988698373186
自取,4.496759068919987
一句,4.503113733790737
送晚,4.5147294368371105
到手,4.526668488965876
酸味,4.527200444261167
鸡腿肉,4.5292558672742445
占线,4.529822135691799
地道,4.543270476345585
不看,4.548834798850046
肉饼,4.555624321967282
试试,4.556521585765616
不腻,4.563619530569408
凉透,4.564690548118088
像是,4.5712617599310725
钟头,4.571578775980191
考虑,4.5750332268856875
确定,4.576868908067877
差别,4.576898246058166
一只,4.58007179629624
成功,4.591597622692106
老公,4.593905742391718
看看,4.604592035520354
抱歉,4.608405611707275
太干,4.616031913227729
满减,4.619518822492289
金枪鱼,4.63375394164862
明天,4.660195771165821
沟通,4.678390469891364
水果,4.694746778132983
影响,4.706130696948683
反正,4.7132371558489465
肥肠,4.714748157490206
好意思,4.718512963522002
黄太吉,4.718975770287865
愉快,4.722766329534683
内容,4.7311880950047716
一会儿,4.737710821892691
茄子,4.737745238068055
炸鸡,4.744233868218398
汤包,4.758165086892038
路上,4.7602002446997655
肉少,4.770184503570479
煎饼果子,4.770460741009008
海带,4.7735626432553815
再定,4.786216102860103
卤肉饭,4.7926138567543495
关机,4.8071174369286584
虫子,4.8086078151678695
一塌糊涂,4.810172972447045
付款,4.8269834886308205
一天,4.845587553855787
二十分钟,4.848469119168142
不脆,4.8494565979838695
赞赞赞,4.856008843168132
不符,4.861179973135311
苍蝇,4.867595561068976
不敢恭维,4.8695223909881005
可口,4.880739320908821
手机,4.881162060988814
道歉,4.882562496793666
香肠,4.8834409904139875
照片,4.889362836268589
咖喱,4.891880944742946
青菜,4.898500117993406
全凉,4.901044119125943
到达,4.908516920698281
太老,4.917771982975741
鸡丁,4.9186321298497475
冰凉,4.928880574964677
薄脆,4.931336554313259
西红柿,4.94410711287119
肉皮,4.958166446457451
果断,4.959750905108387
接到,4.966779202664221
酱汁,4.990844380795313
实物,4.993086739744874
原味,4.996796876609694
好几个,5.00327471689162
晚到,5.003350139601064
态度恶劣,5.02191380234531
一点半,5.024954373593485
包装袋,5.03126719254736
最近,5.032922291260983
香菜,5.045434692677222
左右,5.0516720771520145
平时,5.051985800636523
点心,5.054277331048375
不大,5.057175408156031
大风,5.057510258355138
他妈的,5.066412393270681
钢丝,5.071276384223241
不熟,5.103495047252066
宫爆鸡丁,5.115074587162496
怎么回事,5.115188526482578
小笼包,5.123272569705623
到家,5.123893774326419
眉州,5.126779207066367
导致,5.1278628199730445
番茄,5.146367550669288
半盒,5.147823686959594
认识,5.149774388650409
找到,5.1550687502611385
香味,5.160593651878348
中间,5.164974302896615
酱料,5.182609323410669
饭里,5.187651830235635
咸了,5.1915412970298
北京,5.1987382560656314
肚子,5.200763172177626
红油,5.2495476620586645
飘香,5.254391831601175
告知,5.257041274948297
永远,5.25708060651128
热乎,5.263437774201679
点定,5.263934190700583
一次性,5.275601986445373
貌似,5.278633627954005
个赞,5.28028302152015
里边,5.280289505620382
每天,5.28082892004
欺骗,5.287582605093304
不像,5.2951068592567125
辣味,5.306103915545806
胃口,5.314240784460545
没人,5.324023467201681
气死,5.328054485356736
天天,5.3468010520753895
干锅,5.346977770763955
食品,5.351596743868554
拌面,5.360262577472878
不足,5.371594099531244
清楚,5.377155530564209
外送员,5.382187525901395
尝尝,5.383247827088846
拿到,5.391445217116489
点儿,5.399844488865068
下回,5.40320401584388
餐品,5.409599351272378
路程,5.417214129946121
细心,5.417521787931742
鸡柳,5.435825574166024
留言,5.436292446123449
一层,5.45392798707445
一共,5.454094667451267
肉卷,5.461144993076467
小心,5.46324411644406
遇到,5.472458948998502
牛蛙,5.509535129740819
三鲜,5.515764536528393
合适,5.550288022338807
鸡丝,5.556991082000466
中份,5.574449368627982
马上,5.585673450315743
好大,5.609082532010202
不惯,5.614335850511684
看见,5.617292366094066
工作,5.62148932623121
第二天,5.630125449779542
菜里,5.633571450684405
到位,5.6538128808606265
不敢,5.682421143207917
努力,5.682867229572971
海鲜,5.689345290807996
女生,5.712951570024097
难道,5.714320662343439
退单,5.7338793096912335
要命,5.735404629432056
餐巾纸,5.740564961077424
差远了,5.7641484702449794
不接,5.774341239723215
退钱,5.793702333863355
基本上,5.806491715246369
恶劣,5.819233463525026
两口,5.834941280422374
猪蹄,5.852839666129915
我订,5.8885597834018455
十个,5.8995045327399165
有待,5.900561967522133
不再,5.906013706911004
不少,5.929273001003645
解决,5.9332043155897365
超好,5.952133466318839
开心,5.952338387552699
可爱,5.953445841655423
接电话,5.961242243545261
不买,5.9807893641193415
加油,5.99579906649968
评论,6.013322799340288
其实,6.014058831615039
木有,6.030903600214024
按时,6.041542501314669
需要,6.048456210126682
专业,6.052794157076062
接受,6.065466229723961
有股,6.072386585695165
还会来,6.0746947675442495
素质,6.078415189376895
不准,6.084387166917392
关键,6.099183919765346
纸袋,6.1033674104444104
真不错,6.1326317183250865
那种,6.148493321018679
换成,6.164127344602715
几口,6.166428690841019
慢点,6.1664815450006625
出去,6.167205159196323
好快,6.167324377249534
零钱,6.169750327860315
入味,6.210891918375862
酱香,6.21631631281484
送成,6.2220612196805
豆芽,6.228979297957168
重新,6.23990977802904
通知,6.260624323512892
鱿鱼,6.266068029632357
主要,6.289880630604497
不送,6.292499867811416
支付,6.297764694045775
几块,6.309339185809713
最好,6.317774606571215
tm,6.318187164916671
香锅,6.318603466760701
稻香村,6.337144558566992
煎蛋,6.348049140802199
咸菜,6.353846192310995
高峰,6.369058809157662
食欲,6.392887603802279
夹生,6.394238116261138
奇怪,6.428857972873367
赔付,6.434435817914207
几天,6.4822727658825
酱汤,6.486784099446105
注明,6.501269093539462
提高,6.501367093964196
味儿,6.508224386846567
味道不好,6.508557815895608
从来,6.52307583817955
餐到,6.5297689436232496
午饭,6.568401680436617
重要,6.571006244057749
没带,6.61941607855839
刚刚,6.626361666635729
不好意思,6.643445687831942
瘦肉,6.661574879328046
凉拌,6.66351599190502
处理,6.669773400930062
还慢,6.683547609986153
分开,6.6867471030814
没用,6.687624427142764
酸菜,6.687981459037535
客户,6.690816536639292
白菜,6.692461106243999
清淡,6.702822581963407
不说,6.728517593257136
网上,6.728991368654843
炒菜,6.732795711893619
超赞,6.748830052104577
酱油,6.770861585505012
面皮,6.78090005005026
五花肉,6.80330822175509
牛肉面,6.8243359671734005
包菜,6.826757925410931
送货员,6.840351894545872
坑人,6.860304393131616
还给,6.86408490907293
一看,6.879631358502825
哈哈哈,6.902453614147809
太淡,6.95777174759459
耽误,6.964336115123796
放在,6.967101223021115
塑料袋,6.9779712300865
纸巾,7.00143164909624
系统,7.002566013040389
用心,7.0179446979302496
调料,7.024638594577526
服务员,7.0257605712902205
十分钟,7.027202603488636
又快又好,7.049856752222781
不动,7.056303969514414
门口,7.06313670696355
早点,7.074211569199915
羊肉,7.089031505207874
完美,7.150871409634638
总是,7.186716913800338
菜单,7.190370130743258
公司,7.196938904302364
加热,7.225423228740269
特意,7.278367889072406
上楼,7.299409493809516
剩下,7.3053098379836445
接单,7.316056460412775
四十分钟,7.346055768927818
没人接,7.348169332773389
洋葱,7.356753239159982
慢死,7.382098633247419
不太好,7.386424117542062
大赞,7.391422748358233
我定,7.392399278931572
大叔,7.412157432504548
不订,7.44521504451411
量足,7.51583775733867
适合,7.534647059475165
十一点,7.558668461888725
太腻,7.560469520587881
五星,7.580751297305764
太太,7.593820587024798
派送,7.60727971015265
千万别,7.654339147444493
肯定,7.6646645620149885
三次,7.670914183111803
肥牛,7.672325850271609
麻烦,7.6910834182710435
没吃过,7.7117545531306355
足足,7.720060887905105
孩子,7.725860018354337
扔掉,7.7336158585716
价钱,7.739780522359593
请问,7.746218353876784
半价,7.759166044367134
体验,7.761677103514264
十二点,7.773905047616215
超过,7.792204484639888
巨慢,7.806176305706919
半杯,7.808411856039372
样子,7.815781338865046
蜗牛,7.816303043671069
划算,7.872313768507121
坑爹,7.872882309960431
面都,7.892823159521499
打包,7.897720884091769
不靠,7.902991564211998
比较慢,7.915090113012959
实际,7.927363351761472
极其,7.989419645550154
差点,8.020903783764009
辣白菜,8.02868774374731
不点,8.03123930042645
办法,8.033052725022896
点才,8.049264562086847
一定,8.05186590657509
很小,8.060721212014519
顾客,8.062003023253522
汤洒,8.074718220768915
消费者,8.074805036656782
抄手,8.113005964378141
购买,8.11888023354744
全撒,8.128456234879003
油条,8.133280148081786
猪肉,8.134948106448208
补送,8.148523502838655
半天,8.167607786373722
郁闷,8.173389324228738
凉菜,8.180003979645726
一家,8.182558874059316
王老吉,8.193129869081334
饭店,8.19469612998539
不知,8.248616418830794
锡纸,8.272936546939576
多点,8.289189190021963
尤其,8.30005621951452
不用,8.300057691511492
东坡,8.317741004204063
丸子,8.321469573702197
受不了,8.369401068245828
回来,8.373448590889248
尼玛,8.378797197068613
估计,8.403185962922757
光顾,8.422762330043106
解释,8.4650787592383
下雨天,8.488490659715223
点赞,8.492954851631298
花生,8.51558898736852
品质,8.561113740990061
汤汁,8.602254844373494
没收,8.613012097532229
几个,8.617250015141165
开发票,8.627633717574538
最差,8.672162340792065
黄瓜,8.694945195085712
泡菜,8.698657338942667
饭盒,8.70417697840912
不辣,8.755929498757565
怀疑,8.759080380026187
红烧肉,8.771561669952593
很香,8.774523849410652
太坑,8.81401248657641
上面,8.815863972371526
下雨,8.844461093009574
选择,8.854336821650872
吃饭,8.856709003623408
微辣,8.861083555619816
心情,8.913463106481506
大份,8.932459876310944
两点,8.944281434143832
一点点,8.944354457570826
还少,8.959806827398008
个人,8.967541638662945
礼貌,8.973084045904876
朋友,9.059433381525352
很足,9.072208881133868
再订,9.086978791794847
终于,9.116103734479825
青椒,9.128756464461148
包子,9.143344623118066
凉面,9.157116853709976
非常感谢,9.160945484850725
原因,9.200364050455516
意思,9.226210177092081
原来,9.231146243948197
点半,9.243455752818287
忘记,9.270297193371286
贴心,9.324137627052298
烤肠,9.325786723127695
太大,9.332564050986148
后来,9.345800455994684
习惯,9.407718323854706
单子,9.429052602091485
失败,9.455178575309507
活动,9.459824582860719
给力,9.468131748110562
精致,9.550908581004347
麻辣,9.564610333908504
没见,9.565366260846847
整个,9.569592174967138
太甜,9.573161605045819
果汁,9.582129203526723
下楼,9.586250107467187
一碗,9.616095437452941
一杯,9.621760098667306
点餐,9.658796184827006
看着,9.669270571887681
手套,9.683183761141235
一根,9.72241578335123
豆角,9.786109150100682
性价比,9.804871252696199
必须,9.815668429328113
十点,9.817296613721393
鸡块,9.842196062369817
严重,9.87274233643217
情况,9.880602664205536
鸡翅,9.92833945460498
放盐,9.991418629450568
支持,10.001092848086701
明显,10.02478291472832
极差,10.032497730808107
挺不错,10.091942208802703
晚上,10.108391717710346
卖家,10.137035023963353
韭菜,10.146111461305598
为啥,10.146803857140226
到处,10.148310140633031
一盒,10.167382043968791
没想到,10.176422509643777
过去,10.200457128442885
等待,10.319221588466203
头发,10.379046918660388
一股,10.382287742831407
无法,10.388101693609467
厨师,10.444268295226571
高大,10.46449697042241
上班,10.518543377184924
凑合,10.567393178717294
点多,10.58434620484539
有点咸,10.688359521442488
锅包肉,10.688641872569608
超值,10.737503739905867
取餐,10.75799895748524
整整,10.780437125293043
没到,10.788706558808794
预定,10.80702734596165
楼下,10.844236459814068
不怎么,10.87333693008094
中午,10.895789159217578
吃饱,10.914829291362633
蘑菇,10.934624259948247
过来,10.982255301795284
地方,11.118143269123669
面条,11.120992606754879
好像,11.15491025051753
不定,11.279164093750907
再点,11.343091355759377
太油,11.369109497799554
打开,11.387863557147808
太辣,11.42224196892176
正宗,11.457727651371373
冷面,11.52237937222132
可惜,11.614523256888324
送饭,11.616124529561326
多分钟,11.702598339353228
奶油,11.716830597994303
要死,11.74760412957976
鸡腿,11.765511807481978
外面,11.781308647165037
退款,11.805407818159006
差不多,11.824987296104524
木耳,12.024672435722119
辣酱,12.055435176078749
沙拉,12.154214251158848
改进,12.180613339385909
整体,12.240754011045441
昨天,12.264479413695183
相当,12.316605820346147
卫生,12.322768776852023
太小,12.343230800334464
蛋糕,12.360369036998668
外送,12.384720370590838
下去,12.390675991875884
绝对,12.410443900830506
香菇,12.4119878835742
菜汤,12.489274389256352
配菜,12.503600887159784
看到,12.603225146958275
太长,12.637895965227703
太晚,12.721626141463153
一口,12.806616405934163
理解,12.838277007175828
小菜,12.869370282180999
好久,12.879883218309436
玩意,12.881836163308634
这是,12.922476662887382
很赞,12.942313856001867
距离,12.95917110708115
超慢,13.002631894431548
没熟,13.040044399779426
有点儿,13.048615366371125
宫保鸡,13.059181122716586
明明,13.128761307594925
没什么,13.204623731538783
卤蛋,13.326030587389768
可怜,13.349495154434528
图片,13.352214109482233
总体,13.353495039186472
美味,13.357415326479773
芝士,13.395759228594658
京酱,13.478202598041529
注意,13.488433402523349
神速,13.515439591030065
送得,13.542545411788709
几乎,13.549207867496177
好好,13.562221153076136
天气,13.587934461890956
老板,13.60787856817277
地址,13.808968009083413
太久,13.902799867203068
负责,13.962901638630923
小炒,13.976331279052467
肉夹馍,13.995191676879925
基本,14.043115014653301
值得,14.08454383541495
热情,14.115944733833839
全洒,14.167001572633726
快点,14.182983536572147
完成,14.206544958613847
全都,14.219992642642515
饭量,14.229220826421539
一块,14.298739958464258
尖椒,14.324184602306351
排骨,14.430801749331774
冷天,14.432322180987512
很慢,14.485385788440803
显示,14.527818684019236
太多,14.567884814809783
想象,14.584087846333459
容易,14.607573222610792
很差,14.707239646673429
油腻,14.72977943200567
之后,14.756530028326843
不行,14.762944895815732
石锅,14.798783390780404
不吃,14.88520689726323
本来,14.905810381279618
你家,14.958043299318579
说好,14.964397416352114
投诉,15.070741339542622
告诉,15.186656290297496
催单,15.19853432609165
发现,15.216574451730994
番茄酱,15.239792814880417
变成,15.244260879279533
没送,15.290669350650854
吸管,15.336934537331619
不怎么样,15.360030884420674
食物,15.40375917579094
好慢,15.405419880307246
不太,15.534857360542091
再也不会,15.58607626157523
宇宙,15.643464339287235
确认,15.655964951826247
盒子,15.694019755318422
这种,15.726687233962956
下午,15.748407205140515
盖饭,15.881742814976285
超时,15.89520856706899
起来,15.91042283563421
吃不饱,16.09044911547664
同事,16.217905083201394
炒饭,16.338272645470358
预计,16.369696830910634
太快,16.531875588143993
太咸,16.65605193891288
份量,16.719437053037666
少送,16.723430998866295
一起,16.74266789120605
多次,16.745392996041907
奶茶,16.793374194466832
餐盒,16.82360627062748
拉肚子,16.98064586220368
大哥,17.034395561295693
不了,17.048419059835055
块钱,17.06114294313933
上次,17.200622080958205
不通,17.34424097757891
联系,17.425398472831404
两次,17.44277709444197
勺子,17.519931323553358
确实,17.558363285055727
之前,17.616179610245112
瘦肉粥,17.773531256093136
我点,17.777214602749805
汉堡,17.838167603610177
无语,17.876185222873893
量少,17.99196194832804
将近,18.158425111566846
口感,18.23831569546798
还会,18.286114630205564
稍微,18.384419265944324
只能,18.414464125375368
超快,18.586545501628585
两份,18.77815836191725
第二次,18.961197118387755
一般般,19.125706967215798
更好,19.16565165896963
经常,19.415808439535887
几次,19.617589990772476
收到,19.885149840542542
应该,19.962825928978962
优惠,20.038476157677472
豆浆,20.078451394101798
迟到,20.313895402305533
不值,20.32378667541675
鱼香肉丝,20.43171988224435
很少,20.519080570923382
凉皮,20.643025353637498
可能,20.6879159987609
很大,20.714940668075673
现在,20.75861788368474
差劲,20.771727239589104
继续,20.785351787396905
不想,21.189341207391237
薯条,21.287047987878065
鸡蛋,21.317686792629672
评价,21.411930726846922
感谢,21.486377289736936
我要,21.56377707380461
速度慢,21.675416806858856
是不是,21.768801880018604
一下,21.831686620647933
棒棒,21.995737778076265
问题,22.014301411000513
建议,22.04867267373406
豆腐,22.553106352932843
直接,22.65014043916615
取消,22.70694419817849
一半,22.730935628429787
越来越,22.83121115246248
要求,22.856500613204346
餐厅,22.95400450738706
半个,22.96244382474024
客服,23.002792630217694
豆腐脑,23.20495091363196
人员,23.444419566663935
一如既往,23.49169909679949
便宜,23.8155529715803
米线,24.095243018004822
三个,24.11868100601572
很棒,24.184869243870896
可乐,24.292184592295204
不够,24.3162139454143
蔬菜,24.385244202032148
饿死,24.419289274007113
好多,25.374119393678217
土豆,25.37857179479648
提前,25.471765563321632
还行,25.6336769725373
他家,26.002711068567244
觉得,26.260558550687257
完全,26.697426604475034
餐具,26.796543903996103
干净,26.900212081078063
价格,27.14221753558127
太差,27.17628868806007
店家,27.377266013682803
方便,27.53120614968263
失望,27.92182257135567
质量,27.951835727725648
推荐,28.43210165204754
再也,28.455832119124295
最后,28.504678996205904
不到,28.57728889754452
南瓜,28.60248889965538
肉丝,28.718868615432562
每次,28.928514675143873
简直,29.14933382212938
及时,29.40877669404936
皮蛋,29.41083175638607
土豆丝,29.53440226586777
咖啡,29.85187384990216
实惠,30.316877470745208
送错,30.643732589984626
菜量,30.706297340714517
袋子,30.922808445549023
恶心,30.945287143769807
分量,31.30045207760398
没法,31.70821316185296
这家,32.47074176293172
竟然,32.494531069500155
备注,32.54177780343707
新鲜,32.58593685576413
披萨,32.82139760308271
饺子,32.95565727292086
很多,33.072488333723655
辣椒,33.917523836755976
太少,34.90196669408149
商家,35.08573092774364
垃圾,35.79017989252053
全是,36.40289945496675
一直,36.79756915410894
饭菜,37.05689260311823
下单,37.211491102626425
以前,37.2488497904213
饮料,37.79176252467442
居然,37.976174904099885
准时,38.02509458863312
比较,38.13833937031432
筷子,38.154389373619246
套餐,38.23838993849663
鸡肉,39.15045416747073
肥肉,39.15563968506927
订餐,39.458510363370955
真心,40.54963241554029
还好,41.16957924771583
好喝,41.85340042086675
挺好吃,41.92723000833555
半小时,41.93709051891799
订单,42.06293305086438
送达,42.69174751915935
送货,42.97257318103469
送过来,43.391728014963306
服务态度,44.13884380028486
希望,44.291257494253706
发票,44.68237668732568
一个多,45.429833100572345
谢谢,45.50751863657604
第一次,45.927639261768775
真是,45.98908951280211
一份,46.25477377047214
好评,46.33982786524023
实在,47.00534679014908
根本,47.031875473596735
挺快,47.25374474103262
满意,47.71299432488492
不好,48.775650803794655
店里,48.998955224991484
一个半,50.489319311352695
骑士,50.65939896023232
牛肉,51.05141206641505
里面,51.39331129339112
肘子,51.58442345712937
一次,51.621786523567266
今天,51.635339428039735
不要,55.20801457648838
菜品,55.30334316923184
师傅,55.46465228677161
不能,55.56395533325311
口味,57.158850806759546
打电话,57.55519376945419
不会,57.824049245281266
煎饼,58.08531205257395
知道,58.95322544374769
已经,59.36310246269946
电话,59.81123790861943
差评,60.135852555401755
以后,60.13619858224892
下次,60.859438291439005
喜欢,62.68655088779258
真的,67.5417137935199
餐员,71.10968086988554
东西,71.52916466855935
一点,71.8273440874175
感觉,72.15260196373988
卷饼,73.30534448752718
超级,73.342239473137
包装,74.3584907976585
辛苦,76.17129316935761
米饭,80.45034899125993
快递,80.58209894996314
分钟,83.76880265469403
小哥,85.94100473631748
百度,86.05760163552547
服务,91.67310886111277
态度,98.89880330367131
两个,107.14013667082219
配送,110.59308376129927
特别,120.91396453720814
一个,122.63782210963059
送来,123.41853016108263
外卖,125.50988824372757
时间,126.06244934621645
非常,145.5209830119749
很快,158.63141916288896
有点,167.63247151173383
难吃,173.1820247710809
送到,178.20192395457775
太慢,194.0204661188959
速度,206.74289811291473
没有,214.226871740179
小时,259.5449865327148
送餐,310.2982889726244
不错,323.57003347028626
味道,365.5637484409289
好吃,396.72255963639293
